Case ID,Outcome,Date of Decision,Bankruptcy Proceedings Initiated,Bankruptcy Declared,Asked Principal Amount,Asked Penalty Amount,Asked Fine,Asked Unjustly Withheld Funds,Awarded Principal Amount,Awarded Penalty Amount,Awarded Fine,Awarded Unjustly Withheld Funds,Plaintiff Represented,Defendant Represented,Presence of Reconciliation Act,Presence of Contract,Presence of Invoice,Penalty Conditions,Total Value of Delivered Goods,Partial Payment Made,Deadline Specified,Presence of Demand Letter,Supporting Documents Presented,Category of a Claim
4-1001-2008/1880,PARTIALLY FULFILLED,2/21/20,No,No,173500,4815030,0,0,173500,500000,0,0,Yes,Yes,Yes,Yes,Yes,Yes,0,No,Yes,Yes,Yes,Debt Recovery
4-1001-2105/3246,PARTIALLY FULFILLED,3/17/21,No,No,167140250,33428050,0,0,47140250,0,0,0,Yes,Yes,No,Yes,Yes,Yes,0,Yes,Yes,No,Yes,Debt Recovery
4-1001-2204/10382,PARTIALLY FULFILLED,7/29/22,No,No,144537391,25244960,0,0,132439391,1570077,0,0,Yes,Yes,Yes,Yes,Yes,Yes,0,No,Yes,No,Yes,Debt Recovery
4-1305-2101/562,REFUSED,24.08.2021,No,No,8011788,1201768,0,0,0,0,0,0,Yes,Yes,No,Yes,Yes,No,0,Yes,No,Yes,Yes,Debt Recovery
4-15 01-2102/823,PARTIALLY FULFILLED,04/02/2021,No,No,0,0,34863324,0,0,0,10000000,0,Yes,Yes,No,Yes,No,Yes,0,No,Yes,No,Yes,Fine for Undelivered Goods
4-15 01-2102/828,PARTIALLY FULFILLED,04/02/2021,No,No,0,0,20910170,0,0,0,6000000,0,Yes,Yes,No,Yes,No,Yes,0,No,Yes,No,Yes,Fine for Undelivered Goods
4-1503-1801/125 ,REFUSED,Not Specified,No,No,679608,10800000,0,0,0,0,0,0,Yes,No,No,Yes,No,No,0,Yes,No,No,Yes,Breach of Contract
4-2001-2402/2790,PARTIALLY FULFILLED,4/18/24,No,No,57210481.81,28605240.9,11442096.4,0,0,10000000,0,0,Yes,Yes,Yes,Yes,Yes,Yes,0,Yes,Yes,Yes,Yes,Breach of Contract
4-15 04-2401/2617,FULFILLED,10/18/24,No,No,17095587,0,0,0,17095587,0,0,0,Yes,Yes,Yes,Yes,No,No,0,No,Yes,No,Yes,Debt recovery
4-15 04-2402/15 08,FULFILLED,06/05/2024,No,No,38100000,0,0,0,38100000,0,0,0,Yes,Yes,Yes,Yes,Yes,No,0,No,Yes,No,Yes,Debt recovery
4-1505-2301/92,FULFILLED,2/15/23,No,No,146390246,0,0,0,146390246,0,0,0,Yes,No,Yes,Yes,Yes,Yes,0,No,Yes,Yes,Yes,Debt recovery
4-15 02-2402/8843,PARTIALLY FULFILLED,12/25/24,No,No,144774193,43432257,21716128,0,144774193,6515000,0,0,Yes,No,No,Yes,Yes,Yes,0,Yes,Yes,Yes,Yes,Late payment for delivered agricultural goods (grain)
4-15 04-2401/15 07,FULFILLED,06/05/2024,No,No,14100000,0,0,0,14100000,0,0,0,Yes,Yes,No,Yes,Yes,No,0,No,Yes,Yes,Yes,Debt recovery
4-15 04-2401/15 09,FULFILLED,06/05/2024,No,No,97619100,0,0,0,97619100,0,0,0,Yes,Yes,No,Yes,Yes,No,0,No,Yes,Yes,Yes,Debt recovery
4-1502-2402/8836,PARTIALLY FULFILLED,12/25/24,No,No,81744945,19618786,12261741,0,81744945,2950000,0,0,Yes,No,No,Yes,Yes,Yes,0,Yes,Yes,Yes,Yes,Late payment for delivered agricultural goods (grain)
4-15 02-2401/100,PARTIALLY FULFILLED,2/22/24,No,No,144361076,72180538,0,0,144361076,6000000,0,0,Yes,Yes,No,Yes,Yes,Yes,0,No,Yes,No,Yes,Late payment for agricultural product (wheat) under futures contract
4-15 02-2401/98,PARTIALLY FULFILLED,2/22/24,No,No,102129558,51064779,0,0,102129558,6000000,0,0,Yes,Yes,No,Yes,Yes,Yes,0,No,Yes,No,Yes,Late payment for agricultural product (wheat) under futures contract
4-1303-2101/1169,REFUSED,16.09.2021,No,No,0,4278000,0,0,0,0,245000,19600,Yes,Yes,No,Yes,No,Yes,0,No,Yes,No,Yes,Contractual Penalty
4-1305-2101/567,REFUSED,24.08.2021,No,No,7096126,1064419,0,0,0,0,0,0,Yes,No,No,Yes,Yes,No,0,Yes,No,Yes,Yes,Debt Recovery
4-1305-2101/570,REFUSED,24.08.2021,No,No,13427203,2014080,0,0,0,0,0,0,Yes,Yes,No,Yes,Yes,No,0,Yes,No,Yes,Yes,Debt Recovery
4-1305-2101/731,REFUSED,06.08.2021,No,No,5000002,750000,0,0,0,0,0,0,Yes,Yes,No,Yes,Yes,No,0,No,No,No,No,Debt Recovery
4-1305-2101/773,REFUSED,25.08.2021,No,No,10288958,1543344,0,0,0,0,245000,19600,Yes,No,No,Yes,Yes,No,0,Yes,No,Yes,Yes,Debt Recovery
4-1503-1801/128,REFUSED,No,No,No,13638560,13685000,0,0,0,0,0,0,Yes,No,No,Yes,No,No,0,Yes,No,No,Yes,Breach of Contract
4-1503-2101/372,REFUSED,No,No,No,14311091,0,0,0,0,0,0,0,Yes,Yes,No,Yes,No,No,0,Yes,No,No,Yes,Breach of Contract
4-1503-2401/3329,REFUSED,09/05/2024,No,No,17000000,0,0,0,0,0,0,0,Yes,No,No,Yes,No,No,0,No,No,No,No,Breach of Contract
4-1804-2402/25,REFUSED,1/25/24,No,No,7129000,3564500,0,0,0,0,0,0,Yes,No,No,Yes,Yes,Yes,0,No,Yes,Yes,Yes,Contract Dispute
4-15 02-2402/885 9,PARTIALLY FULFILLED,12/25/24,No,No,284013955,85204186,42602093,0,284013955,12781000,0,0,Yes,No,No,Yes,Yes,Yes,0,Yes,Yes,Yes,Yes,Late payment for delivered agricultural goods (grain)
4-15 02-2401/128,PARTIALLY FULFILLED,2/14/24,No,No,1051699000,0,21033000,0,94683683.07,0,0,0,Yes,Yes,No,Yes,Yes,Yes,0,Yes,Yes,No,Yes,Underpayment for delivered raw cotton
4-2001-2402/229,FULFILLED,3/15/24,No,No,2575988842,3038400,0,0,2575988842,3038400,0,0,Yes,No,No,Yes,No,Yes,4060771357,Yes,Yes,Yes,Yes,Breach of Contract
4-1503-2401/3326,FULFILLED,09/05/2024,No,No,12673968,0,0,0,12673968,0,0,0,Yes,No,No,Yes,Yes,No,1323704073,Yes,Yes,No,Yes,Debt recovery
4-1407 -2401/15 20,PARTIALLY FULFILLED,10/14/24,No,No,1171206839,585603419,0,0,1019193373,152879006,0,0,Yes,Yes,Yes,Yes,Yes,Yes,1316177960,Yes,No,Yes,Yes,Payment for Delivered Goods and Penalty
4-1104-2401/100,PARTIALLY FULFILLED,2/20/24,No,No,25304319,12652159,0,0,25304319,2000000,34000,0,Yes,Yes,No,Yes,Yes,No,1274613982,Yes,Yes,No,No,Debt Recovery
4-15 05 -2402/5 85 1,FULFILLED,12/23/24,No,No,125911474,0,0,125911474,125911474,0,0,125911474,Yes,Yes,Yes,Yes,No,Yes,1172914216,No,Yes,No,No,Debt Recovery
4-2001-2404/3132,FULFILLED,06/11/2024,No,No,208728331,0,0,0,208728331,0,0,0,Yes,No,Yes,Yes,Yes,No,1112588110,No,Yes,Yes,Yes,Debt Recovery
4-2001-2402/236,PARTIALLY FULFILLED,3/28/24,No,No,881478853,241295940,0,0,881478853,24129594,0,0,Yes,No,Yes,Yes,Yes,Yes,1104962425,No,Yes,Yes,Yes,Procurement of cotton inputs / contract non-fulfillment
4-1407 -2401/225,PARTIALLY FULFILLED,3/25/24,No,No,719681709,155450880,0,0,188000000,18800000,0,0,Yes,Yes,No,Yes,No,Yes,1089362819,Yes,No,Yes,Yes,Payment for Delivered Goods and Penalty
4-2001-2402/3152,FULFILLED,06/12/2024,No,No,14230825,0,0,0,14230825,0,0,0,Yes,No,Yes,Yes,Yes,No,984867455,No,Yes,Yes,Yes,Debt Recovery
4-1407-2401/338,PARTIALLY FULFILLED,6/19/24,No,No,137608562,68804281,27521702,0,137608562,25000000,0,0,Yes,No,No,Yes,Yes,Yes,900523733,Yes,No,Yes,Yes,Payment for Delivered Goods and Penalty
4-1104-2402/338,FULFILLED,3/14/24,No,No,127567531,0,0,0,127567531,0,0,0,Yes,Yes,No,Yes,Yes,No,850450208.6,No,Yes,Yes,No,Debt Recovery
4-2001-2402/3153,FULFILLED,06/12/2024,No,No,61874040,0,0,0,61874040,0,0,0,Yes,No,Yes,Yes,Yes,No,832237461,No,Yes,Yes,Yes,Debt Recovery
4-1104-2401/15 1,FULFILLED,03/05/2024,No,No,122403764,0,0,0,122403764,0,0,0,Yes,Yes,No,Yes,Yes,No,816025098.8,No,Yes,Yes,No,Debt Recovery
4-1104-2401/141,FULFILLED,03/05/2024,No,No,120327761,0,0,0,120327761,0,0,0,Yes,Yes,No,Yes,Yes,No,802185078.4,Yes,No,Yes,No,Debt Recovery
4-1505-2302/1796,FULFILLED,10/18/23,No,No,85882210,0,0,0,85882210,0,0,0,Yes,Yes,No,Yes,Yes,Yes,782005548,Yes,Yes,Yes,Yes,Unjust withholding of penalty
4-1401-2202/2285,REFUSED,8/26/22,No,No,510570000,255285000,102114000,0,0,0,0,0,Yes,Yes,No,Yes,Yes,Yes,765855000,Yes,Yes,Yes,Yes,Debt Recovery
4-1001-2206/67 14,PARTIALLY FULFILLED,3/24/22,No,No,64603310,32301655,0,0,64603310,10400000,0,0,Yes,Yes,No,Yes,No,No,761513960,Yes,Yes,Yes,No,Debt Recovery
4-1104-2401/337,FULFILLED,3/26/24,No,No,112030908,0,0,0,112030908,0,0,0,Yes,Yes,No,Yes,Yes,No,746872721,No,Yes,Yes,No,Debt Recovery
4-1504-2303/1210,REFUSED,29.03.2023,No,No,218594632,4318926,0,0,0,0,0,0,Yes,Yes,No,Yes,Yes,No,743413844.7,Yes,Yes,No,Yes,Debt Recovery
4-2203-2508/3,PARTIALLY FULFILLED,1/28/25,No,No,264079684,132039842,0,0,264079684,38000000,0,0,Yes,No,No,Yes,Yes,Yes,705500000,Yes,Yes,Yes,No,Debt Recovery
4-1704-2301/1422,REFUSED,04/10/2023,No,No,117531907,17629786,27737530,0,117531907,0,0,0,Yes,Yes,No,Yes,Yes,Yes,691021988,Yes,Yes,Yes,Yes,Contract Dispute
4-1001-2008/2786,PARTIALLY FULFILLED,03/03/2020,No,No,192613357.1,25357360,0,0,192613357.1,10000000,0,0,Yes,No,Yes,Yes,No,Yes,662421027,Yes,Yes,Yes,Yes,Debt Recovery
4-1104-2402/44,FULFILLED,02/01/2024,No,No,93713086,0,0,0,93713086,0,0,0,Yes,Yes,No,Yes,Yes,No,624753908,No,Yes,Yes,No,Debt Recovery
4-1704-2201/1299,REFUSED,20.10.2022,No,No,42221888.12,0,0,0,0,0,0,0,Yes,Yes,No,Yes,No,No,616590489.5,Yes,No,No,Yes,Debt Recovery
4-1104-2401/96,PARTIALLY FULFILLED,2/20/24,No,No,188362152,94181076,0,0,188362152,11000000,34000,0,Yes,Yes,No,Yes,Yes,No,614018442.8,Yes,Yes,No,No,Debt Recovery
4-2203-2408/5579,PARTIALLY FULFILLED,11/13/24,No,No,375819452,187909726,0,0,375819452,70000000,0,0,Yes,No,No,Yes,Yes,Yes,608319452,Yes,Yes,Yes,No,Debt Recovery
4-1104-2401/142,FULFILLED,03/05/2024,No,No,90732585,0,0,0,90732585,0,0,0,Yes,Yes,No,Yes,Yes,No,604883903.2,Yes,No,Yes,No,Debt Recovery
4-1001-2004/275 0,PARTIALLY FULFILLED,03/11/2020,No,No,235085389.3,1163670,23508538,0,235085389.3,1163670,0,0,Yes,No,No,Yes,No,Yes,583593934.8,Yes,Yes,Yes,No,Debt Recovery
4-1406-2201/1165,REFUSED,1/23/25,No,No,80390124,40195062,0,0,0,0,0,0,Yes,Yes,No,Yes,Yes,Yes,581600000,Yes,Yes,Yes,Yes,Contract Dispute
4-1407-2101/1304,REFUSED,10/07/2021,No,No,0,112884216,0,0,0,0,0,0,Yes,Yes,No,Yes,Yes,Yes,564421082.2,No,Yes,Yes,Yes,Contractual Obligations
4-1001-2004/3439,PARTIALLY FULFILLED,3/20/20,No,No,238569684,47313935,0,0,236395268,15000000,0,0,Yes,Yes,No,Yes,No,Yes,560745669,Yes,Yes,Yes,No,Debt Recovery
4-1001-2007/3482,PARTIALLY FULFILLED,03/12/2020,No,No,212682462,59551086,0,0,212682462,9500000,0,0,Yes,Yes,Yes,Yes,No,Yes,560133510,No,Yes,Yes,Yes,Debt Recovery
4-1104-2401/15 8,FULFILLED,03/05/2024,No,No,76876938,0,0,0,76876938,0,0,0,Yes,Yes,No,Yes,Yes,No,512512922.4,No,Yes,Yes,No,Debt Recovery
4-2001-2402/4038,PARTIALLY FULFILLED,11/22/24,No,No,145764346,0,152712000,0,145764346,0,0,0,No,Yes,Yes,Yes,Yes,Yes,505949430,Yes,Yes,Yes,Yes,Breach of Contract
4-1104-2401/15 3,FULFILLED,03/05/2024,No,No,73783455,0,0,0,73783455,0,0,0,Yes,Yes,No,Yes,Yes,No,491889706.7,No,Yes,Yes,No,Debt Recovery
4-1104-2402/65 2,PARTIALLY FULFILLED,05/07/2024,No,No,62440103.75,31220051.88,0,0,0,3000000,0,0,Yes,No,Yes,Yes,Yes,Yes,487895883.1,Yes,Yes,Yes,Yes,Penalty Recovery
4-1001-2022/19604,PARTIALLY FULFILLED,01/04/2021,No,No,68052695,13705390,0,0,68052695,5000000,0,0,Yes,Yes,Yes,Yes,No,No,484891203,Yes,Yes,Yes,Yes,Debt Recovery
4-2001-2404/3129,FULFILLED,06/11/2024,No,No,151441582,0,0,0,151441582,0,0,0,Yes,No,Yes,Yes,Yes,No,471269169,No,Yes,Yes,Yes,Debt Recovery
4-1104-2402/15 7,FULFILLED,03/05/2024,No,No,69537605,0,0,0,69537605,0,0,0,Yes,Yes,No,Yes,Yes,No,463584036,No,Yes,Yes,No,Debt Recovery
4-1104-2401/166,FULFILLED,03/05/2024,No,No,65763123,0,0,0,65763123,0,0,0,Yes,Yes,No,Yes,Yes,No,438420825.6,No,Yes,Yes,No,Debt Recovery
4-1101-2402/10906,FULFILLED,11/05/2024,No,No,381014000,38101480,0,0,381014000,38101480,0,0,Yes,No,No,Yes,Yes,Yes,438014000,Yes,Yes,Yes,No,Debt Recovery
4-1102-2101/1714 ,REFUSED,10/14/22,No,No,571970848,0,0,0,0,0,0,0,Yes,Yes,No,Yes,No,No,436414063,Yes,No,No,Yes,Debt recovery
4-2001-2402/3125,FULFILLED,06/12/2024,No,No,427017076,0,0,0,427017076,0,0,0,Yes,No,Yes,Yes,Yes,No,427017076,No,Yes,Yes,Yes,Debt Recovery
4-1406-2201/1166,REFUSED,6/30/22,No,No,304348407,6621000,0,0,0,0,0,0,Yes,Yes,No,Yes,Yes,Yes,408000000,Yes,Yes,Yes,Yes,Contractual Obligations
4-1503-2401/3349,FULFILLED,09/05/2024,No,No,3014560,0,0,0,3014560,0,0,0,Yes,No,No,Yes,Yes,No,397594016,Yes,No,No,Yes,Debt recovery
4-15 02-2401/69,PARTIALLY FULFILLED,2/22/24,No,No,67641591,33820796,0,0,0,9500000,0,0,Yes,Yes,No,Yes,Yes,Yes,396762843,Yes,Yes,Yes,Yes,Late payment for agricultural product (cotton) under futures contract
4-1104-2401/95,PARTIALLY FULFILLED,2/20/24,No,No,31588409,15794204,0,0,31588409,2500000,34000,0,Yes,Yes,No,Yes,Yes,No,393454735.1,Yes,Yes,No,No,Debt Recovery
4-1706-2401/175,REFUSED,6/20/24,No,No,45824663.22,22912331.61,0,0,0,0,0,0,Yes,Yes,No,Yes,Yes,No,370412759,Yes,Yes,Yes,Yes,Debt Recovery
4-1704-2201/1305,REFUSED,11/01/2022,No,No,2099187.765,0,0,0,0,0,0,0,Yes,No,No,Yes,Yes,No,345013493.2,Yes,No,No,Yes,Debt Recovery
4-2001-2405/3130,FULFILLED,6/13/24,No,No,34216135,0,0,0,34216135,0,0,0,Yes,No,Yes,Yes,Yes,No,343074116,Yes,Yes,Yes,Yes,Debt Recovery
4-1104-2401/15 6,FULFILLED,03/05/2024,No,No,51015955,0,0,0,51015955,0,0,0,Yes,Yes,No,Yes,Yes,No,340106373.7,No,Yes,Yes,No,Debt Recovery
4-1704-2201/1295,REFUSED,20.10.2022,No,No,7500838.24,0,0,0,0,0,0,0,Yes,Yes,No,Yes,Yes,No,338082876.5,Yes,Yes,No,Yes,Debt Recovery
4-1202-2302/1302,REFUSED,04/08/2024,No,No,336000000,141120000,0,0,0,0,0,0,Yes,No,No,Yes,Yes,Yes,336000000,No,No,No,Yes,Debt Recovery
4-1001-2008/4313,PARTIALLY FULFILLED,6/23/20,No,No,81187021,40593510,0,0,81187021,20000000,0,0,Yes,No,Yes,Yes,No,Yes,327774231,No,Yes,No,Yes,Debt Recovery
4-1104-2401/161,FULFILLED,03/05/2024,No,No,48453036,0,0,0,48453036,0,0,0,Yes,Yes,No,Yes,Yes,No,323020246.8,No,Yes,Yes,No,Debt Recovery
4-1104-2401/149,FULFILLED,03/05/2024,No,No,47072846,0,0,0,47072846,0,0,0,Yes,Yes,No,Yes,Yes,No,313818980,No,Yes,Yes,No,Debt Recovery
4-1105-2503/390,FULFILLED,02/05/2025,No,No,244877500,0,0,0,244877500,0,0,0,Yes,Yes,No,Yes,Yes,No,312480000,No,Yes,Yes,No,Debt Recovery
4-1701-2401/65 9,PARTIALLY FULFILLED,05/01/2024,No,No,309284421,55671195,0,0,190864221,20000000,0,0,Yes,Yes,No,Yes,Yes,Yes,309284421,Yes,Yes,No,Yes,Breach of Contract
4-2203-2408/5580,PARTIALLY FULFILLED,11/13/24,No,No,58636664,29318332,0,0,58636664,14000000,0,0,Yes,No,No,Yes,Yes,Yes,305028557,Yes,Yes,Yes,No,Debt Recovery
4-1803-2401/269,FULFILLED,04/05/2024,No,No,43692294,0,0,43692294,43692294,0,0,43692294,Yes,No,No,Yes,Yes,Yes,291281959,Yes,Yes,Yes,Yes,Debt Recovery
4-2001-2402/3127,FULFILLED,06/12/2024,No,No,87564344,0,0,0,87564344,0,0,0,Yes,No,Yes,Yes,Yes,No,284247622,No,Yes,Yes,Yes,Debt Recovery
4-1803-2401/291,FULFILLED,4/19/24,No,No,42045917,0,0,42045917,42045917,0,0,42045917,Yes,No,No,Yes,Yes,Yes,280306117,Yes,Yes,Yes,Yes,Debt Recovery
4-1104-2402/143,FULFILLED,03/05/2024,No,No,41949015,0,0,0,41949015,0,0,0,Yes,Yes,No,Yes,Yes,No,279660101,No,Yes,Yes,No,Debt Recovery
4-15 05 -2402/166,FULFILLED,3/14/24,No,No,21376291,0,0,21376291,21376291,0,0,21376291,Yes,Yes,Yes,Yes,No,Yes,277243952,No,Yes,Yes,Yes,Debt Recovery
4-1504-2301/419,REFUSED,13.03.2023,No,No,316492400,63298480,0,0,106126925.7,0,0,0,Yes,Yes,No,Yes,No,No,273577232,Yes,Yes,Yes,Yes,Debt Recovery
4-15 01-2402/5 7,PARTIALLY FULFILLED,1/31/24,No,No,399368622,28549946,0,0,399368622,10000000,0,0,Yes,Yes,Yes,Yes,No,Yes,267216848,Yes,Yes,No,Yes,Breach of Contract
4-1104-2402/17 1,FULFILLED,03/05/2024,No,No,36212676,0,0,0,36212676,0,0,0,Yes,Yes,No,Yes,Yes,No,241417845,No,Yes,Yes,No,Debt Recovery
4-1303-2401/2394,PARTIALLY FULFILLED,07/01/2024,No,No,109794489,0,0,0,69794489,0,0,0,No,No,No,Yes,Yes,No,231443072,Yes,Yes,Yes,Yes,Debt Recovery
4-2001-2402/4035,PARTIALLY FULFILLED,11/14/24,No,No,174583252,69403554,0,0,174583252,10000000,0,0,Yes,No,No,Yes,Yes,Yes,231345180,No,Yes,Yes,Yes,Breach of Contract
4-1603-2502/473,REFUSED,2/17/25,No,No,114653665,12393000,0,0,0,0,0,0,Yes,Yes,No,Yes,Yes,Yes,228810636,No,No,No,No,Debt Recovery
4-1104-2401/2535,PARTIALLY FULFILLED,10/14/24,No,No,195244374.4,97622187.2,0,0,180004597.6,19000000,0,0,Yes,No,Yes,Yes,Yes,Yes,223904168.6,Yes,Yes,Yes,Yes,Debt Recovery
4-1001-2204/10378,PARTIALLY FULFILLED,05/06/2022,No,No,210420500,105210250,0,0,110402300,9000000,0,0,Yes,No,No,Yes,Yes,Yes,210420500,No,Yes,No,Yes,Debt Recovery
4-1503-2401/5888,PARTIALLY FULFILLED,07.01.2025,No,No,160154000,24023000,67905296,0,160154000,0,25000000,0,Yes,No,Yes,Yes,Yes,Yes,207257000,Yes,Yes,No,Yes,Debt Recovery
4-1503-2401/5888,PARTIALLY FULFILLED,01/07/2025,No,No,160154000,24023000,67905296,0,160154000,0,25000000,0,Yes,No,Yes,Yes,Yes,Yes,207257000,Yes,Yes,Yes,Yes,Payment for delivered wheat (boshokli don)
4-1104-2302/1700,REFUSED,6/15/23,No,No,55455165,5545516,0,0,0,0,0,0,No,Yes,No,Yes,No,Yes,204936456,No,No,No,No,Debt Recovery
4-1303-2401/2399,FULFILLED,6/25/24,No,No,21242515,0,0,0,21242515,0,0,0,Yes,No,No,Yes,Yes,No,186886281,Yes,No,Yes,No,Debt Recovery
4-1104-2402/170,FULFILLED,03/05/2024,No,No,27199092,0,0,0,27199092,0,0,0,Yes,Yes,No,Yes,Yes,No,181327286,No,Yes,Yes,No,Debt Recovery
4-1001-2204/10380,PARTIALLY FULFILLED,05/06/2022,No,No,90000000,18000000,0,0,90000000,7000000,0,0,Yes,No,No,Yes,Yes,Yes,180000000,No,Yes,No,Yes,Debt Recovery
4-1701-2401/7 13,PARTIALLY FULFILLED,05/01/2024,No,No,178686201,32163516,0,0,107212201,16000000,0,0,Yes,Yes,No,Yes,Yes,Yes,178686201,Yes,Yes,No,Yes,Breach of Contract
4-1104-2401/139,FULFILLED,03/05/2024,No,No,24768877,0,0,0,24768877,0,0,0,Yes,Yes,No,Yes,Yes,No,165125851.1,No,No,Yes,Yes,Debt Recovery
4-1704-2201/1305,REFUSED,01.11.2022,No,No,2099187.765,0,0,0,0,0,0,0,Yes,No,No,Yes,No,No,148713491,Yes,No,No,No,Debt Recovery
4-1104-2402/293,PARTIALLY FULFILLED,3/14/24,No,No,148704727,2914569,0,0,148704727,500000,0,0,Yes,Yes,No,Yes,Yes,Yes,148704727,No,Yes,Yes,Yes,Debt Recovery
4-1104-2401/2534,PARTIALLY FULFILLED,10/14/24,No,No,88604338.37,44302169.18,0,0,85740498.03,9000000,0,0,Yes,No,Yes,Yes,Yes,Yes,147567111.1,Yes,Yes,Yes,Yes,Debt Recovery
4-1104-2401/2534,PARTIALLY FULFILLED,10/14/24,No,No,88604338.37,44302169.18,0,0,88604338.37,44302169.18,0,0,Yes,No,No,Yes,Yes,No,147567111.1,No,No,No,No,Debt Recovery
4-15 02-2201/426,FULFILLED,05/05/2022,No,No,157606373,0,0,0,157606373,0,0,0,Yes,No,No,Yes,Yes,No,136159555,No,Yes,Yes,Yes,Partial non-delivery of goods and unreturned prepayments
4-1001-2107/29223,PARTIALLY FULFILLED,9/21/21,No,No,27580000,2758000,0,0,27580000,1000000,0,0,Yes,No,Yes,Yes,Yes,Yes,134200000,Yes,Yes,Yes,Yes,Debt Recovery
4-1104-2402/233,PARTIALLY FULFILLED,03/12/2024,No,No,62576233,31288116,0,0,62576233,6000000,0,0,Yes,Yes,No,Yes,Yes,Yes,132174642.8,No,Yes,Yes,Yes,Debt Recovery
4-1104-2402/331,PARTIALLY FULFILLED,3/14/24,No,No,119569087,19131040,0,0,104323346,5000000,0,0,Yes,Yes,Yes,Yes,Yes,Yes,119569087,Yes,Yes,Yes,Yes,Debt Recovery
4-15 02-2201/425,FULFILLED,05/05/2022,No,No,195095010,0,0,0,195095010,0,0,0,Yes,No,No,Yes,Yes,No,109722843,No,Yes,Yes,Yes,Partial non-delivery of goods and unreturned prepayments
4-1001-2229/8617,PARTIALLY FULFILLED,4/28/22,No,No,100407650,20081530,0,0,100407650,17693005,0,0,Yes,No,No,Yes,Yes,Yes,100407650,Yes,Yes,No,No,Debt Recovery
4-1803-2401/268,FULFILLED,04/05/2024,No,No,14001243,0,0,14001243,14001243,0,0,14001243,Yes,No,No,Yes,Yes,Yes,93341622,Yes,Yes,Yes,Yes,Debt Recovery
4-1807 -2401/1904,FULFILLED,10/28/24,No,No,89089979,0,0,0,89089979,0,0,0,Yes,No,Yes,Yes,Yes,No,89089979,No,No,Yes,No,Debt Recovery
4-1104-2402/5 4,PARTIALLY FULFILLED,02/08/2024,No,No,85869158.94,33317233.67,0,0,85869158.94,8000000,0,0,Yes,Yes,No,Yes,Yes,Yes,85869158.94,No,Yes,Yes,Yes,Debt Recovery
4-1001-2204/10386,PARTIALLY FULFILLED,5/27/22,No,No,102814450,40726962.5,0,0,81453925,10000000,0,0,Yes,No,No,Yes,Yes,Yes,81453925,No,Yes,No,No,Debt Recovery
4-15 01-25 01/175 8,PARTIALLY FULFILLED,2/14/25,No,No,80633110,8063000,0,0,80633110,3225200,0,0,Yes,Yes,No,Yes,No,Yes,80633110,No,Yes,Yes,Yes,Late payment for agricultural product (cotton) under futures contract
4-1001-2204/10377,PARTIALLY FULFILLED,05/06/2022,No,No,78792000,15758400,0,0,78792000,5000000,0,0,Yes,No,No,Yes,Yes,Yes,78792000,No,Yes,No,Yes,Debt Recovery
4-1104-2401/230 ,REFUSED,3/18/24,No,No,30720163,15360081,0,0,0,0,0,0,Yes,Yes,No,Yes,Yes,No,75404446.9,Yes,Yes,No,Yes,Debt recovery
4-1704-2201/1297,REFUSED,20.10.2022,No,No,6427507.51,0,0,0,0,0,0,0,Yes,Yes,No,Yes,No,No,75011884.79,Yes,No,No,No,Debt Recovery
4-1503-2401/3352-сонли иш,REFUSED,09/05/2024,No,No,3744535,0,0,0,0,0,0,0,Yes,No,No,Yes,Yes,No,72271150,Yes,Yes,No,Yes,Breach of Contract
4-1001-2204/10384,PARTIALLY FULFILLED,05/06/2022,No,No,63574070,31787035,0,0,62569770,7000000,0,0,Yes,No,No,Yes,Yes,Yes,63574070,No,Yes,No,Yes,Debt Recovery
4-1404-2401/5,FULFILLED,2/23/24,No,No,62958848,0,0,0,62958848,0,0,0,No,No,Yes,Yes,Yes,No,62958848,No,Yes,Yes,Yes,Debt Recovery
4-1805-2402/613,REFUSED,4/22/24,No,No,681949508,191816053,0,0,0,0,0,0,Yes,Yes,No,Yes,Yes,No,61705000,Yes,Yes,No,Yes,Contract Dispute
4-1302-2301/1059,PARTIALLY FULFILLED,12/19/23,No,No,59200000,0,0,0,39143000,0,0,0,Yes,No,No,Yes,Yes,No,59200000,Yes,No,Yes,Yes,Debt Recovery
4-1302-2301/1064,PARTIALLY FULFILLED,12/19/23,No,No,59200000,0,0,0,50912000,0,0,0,Yes,No,No,Yes,Yes,No,59200000,Yes,No,Yes,Yes,Debt Recovery
4-1001-2204/10385,PARTIALLY FULFILLED,05/06/2022,No,No,50344355,19003911,0,0,48834980,4000000,0,0,Yes,No,No,Yes,Yes,Yes,50344355,No,Yes,No,No,Debt Recovery
4-1703-2402/218,REFUSED,03/05/2024,No,No,48138789,9627758,0,0,0,0,0,0,Yes,No,No,Yes,Yes,No,48138789,Yes,Yes,Yes,Yes,Debt Recovery
4-1406-2301/288,REFUSED,3/25/23,No,No,18954228,9477114,3790846,0,0,0,0,0,Yes,Yes,No,Yes,Yes,Yes,48044975,Yes,Yes,Yes,Yes,Contractual Obligations
4-1501-2403/583,PARTIALLY FULFILLED,3/28/24,No,No,47754292,9550858,0,0,0,1500000,0,0,Yes,Yes,Yes,Yes,Yes,Yes,47754292,Yes,Yes,Yes,Yes,Penalty for late payment of debt for delivered goods
4-1502-2103/610,FULFILLED,05/11/2021,No,No,47150142,0,0,0,47150142,0,0,0,Yes,No,No,Yes,Yes,Yes,47150142,No,Yes,No,Yes,Non-payment for agricultural seed supply
4-1807 -2401/1908,FULFILLED,10/28/24,No,No,41516019,0,0,0,41516019,0,0,0,Yes,Yes,Yes,Yes,Yes,No,41516019,No,No,Yes,No,Debt Recovery
4-1502-2103/589,REFUSED,05/11/2021,No,No,41473713,0,0,0,0,0,0,0,Yes,No,No,Yes,Yes,No,41473713,No,Yes,Yes,Yes,Contractual Obligations
4-1807 -2401/1887,FULFILLED,10/28/24,No,No,40777659,0,0,40777659,40777659,0,0,40777659,Yes,No,Yes,Yes,Yes,No,40777659,No,Yes,Yes,Yes,Debt Recovery
4-1502-2103/607,FULFILLED,05/11/2021,No,No,40005744,0,0,0,40005744,0,0,0,Yes,No,No,Yes,Yes,Yes,40005744,No,Yes,No,Yes,Non-payment for agricultural seed supply
4-1001-2229/8616,PARTIALLY FULFILLED,4/19/22,No,No,39329100,7985820,0,0,39329100,6685950,0,0,No,Yes,No,Yes,Yes,Yes,39365100,Yes,Yes,No,No,Debt Recovery
4-1502-2103/609 ,REFUSED,11.05.2021,No,No,38378202,0,0,0,0,0,0,0,Yes,No,No,Yes,Yes,No,38378202,No,No,No,No,Debt Recovery
4-1502-2103/987,FULFILLED,07/06/2021,No,No,38276514,0,0,0,38276514,0,0,0,Yes,No,No,Yes,Yes,Yes,38276514,No,Yes,No,Yes,Non-payment for agricultural seed supply
4-1001-2107/2925 5,PARTIALLY FULFILLED,9/21/21,No,No,37643100,3764310,0,0,37643100,1000000,0,0,Yes,No,Yes,Yes,Yes,Yes,37643100,No,Yes,Yes,Yes,Debt Recovery
4-1807 -2401/1879,FULFILLED,10/28/24,No,No,36611511,0,0,36611511,36611511,0,0,36611511,Yes,No,Yes,Yes,Yes,No,36611511,No,Yes,Yes,Yes,Debt Recovery
4-1502-2103/606,FULFILLED,05/11/2021,No,No,35847292,0,0,0,35847292,0,0,0,Yes,No,No,Yes,Yes,Yes,35847292,No,Yes,No,Yes,Non-payment for agricultural seed supply
4-1701-2403/664,PARTIALLY FULFILLED,05/01/2024,No,No,35812727,6446290,0,0,8782947,700000,0,0,Yes,Yes,No,Yes,No,Yes,35812727,Yes,Yes,No,Yes,Breach of Contract
4-1404-2401/346,FULFILLED,4/23/24,No,No,9619344,0,0,0,9619344,0,0,0,Yes,No,No,Yes,Yes,Yes,34965480,No,Yes,No,Yes,Debt Recovery
4-1807 -2401/1892,FULFILLED,10/28/24,No,No,34173912,0,0,0,34173912,0,0,0,Yes,No,Yes,Yes,Yes,No,34173912,No,No,Yes,No,Debt Recovery
4-1502-2103/598 ,REFUSED,11.05.2021,No,No,33571355,0,0,0,0,0,0,0,Yes,No,No,Yes,Yes,No,33571355,No,No,No,No,Debt Recovery
4-1807 -2401/187 7,FULFILLED,10/28/24,No,No,32996634,0,0,32996634,32996634,0,0,32996634,Yes,No,Yes,Yes,Yes,No,32996634,No,Yes,Yes,Yes,Debt Recovery
4-1807 -2401/1888,FULFILLED,10/28/24,No,No,32032496,0,0,0,32032496,0,0,0,Yes,No,Yes,Yes,Yes,No,32032496,No,No,Yes,No,Debt Recovery
4-1302-2301/1063,FULFILLED,12/19/23,No,No,29600000,0,0,0,29600000,0,0,0,Yes,No,No,Yes,No,No,29600000,No,Yes,Yes,No,Debt Recovery
4-1406-2201/365,REFUSED,1/23/25,No,No,28973093,0,0,0,0,0,0,0,Yes,No,No,Yes,Yes,Yes,28973093,Yes,Yes,No,Yes,Contract Dispute
4-1807 -2401/1909,FULFILLED,10/28/24,No,No,28327409,0,0,0,28327409,0,0,0,Yes,No,Yes,Yes,Yes,No,28327409,No,No,Yes,No,Debt Recovery
4-1807 -2401/1860,FULFILLED,10/28/24,No,No,27108555,0,0,27108555,27108555,0,0,27108555,Yes,No,Yes,Yes,Yes,No,27108555,No,Yes,Yes,Yes,Debt Recovery
4-1807 -2401/1915,FULFILLED,10/28/24,No,No,26140909,0,0,0,26140909,0,0,0,Yes,No,Yes,Yes,Yes,No,26140909,No,No,Yes,No,Debt Recovery
4-1001-2204/10381,PARTIALLY FULFILLED,05/06/2022,No,No,26000000,5200000,0,0,26000000,2500000,0,0,Yes,No,No,Yes,Yes,Yes,26000000,No,Yes,No,Yes,Debt Recovery
4-1807 -2401/1898,FULFILLED,10/28/24,No,No,23528940,0,0,0,23528940,0,0,0,Yes,No,Yes,Yes,Yes,No,23528940,No,No,Yes,No,Debt Recovery
4-1302-2301/1107,PARTIALLY FULFILLED,01/12/2024,No,No,23381532,0,0,0,19504550,0,0,0,Yes,No,No,Yes,Yes,No,23381532,Yes,No,Yes,Yes,Debt Recovery
4-1404-2401/377,FULFILLED,05/02/2024,No,No,17127462,0,0,0,17127462,0,0,0,Yes,No,No,Yes,Yes,Yes,23310320,No,Yes,No,Yes,Debt Recovery
4-1502-2103/605,FULFILLED,05/11/2021,No,No,22689802,0,0,0,22689802,0,0,0,Yes,No,No,Yes,Yes,No,22689802,No,Yes,No,Yes,Non-payment for delivered agricultural seeds
4-1404-2401/363,FULFILLED,4/23/24,No,No,26202536,0,0,0,26202536,0,0,0,Yes,No,No,Yes,Yes,Yes,20979288,Yes,Yes,No,Yes,Debt Recovery
4-1807 -2401/187 1,FULFILLED,10/28/24,No,No,20836486,0,0,20836486,20836486,0,0,20836486,Yes,No,Yes,Yes,Yes,No,20836486,No,Yes,Yes,Yes,Debt Recovery
4-1302-2402/1597,FULFILLED,07/10/2024,No,No,15000000,0,0,0,15000000,0,0,0,Yes,No,No,Yes,Yes,No,18842500.02,No,No,Yes,No,Debt Recovery
4-1404-2401/25 4,FULFILLED,3/25/24,No,No,18648256,0,0,0,18648256,0,0,0,Yes,No,No,Yes,Yes,Yes,18648256,No,Yes,No,Yes,Debt Recovery
4-1807 -2401/185 9,FULFILLED,10/28/24,No,No,18227028,0,0,18227028,18227028,0,0,18227028,Yes,No,Yes,Yes,Yes,No,18227028,No,Yes,Yes,Yes,Debt Recovery
4-1404-2401/362,FULFILLED,4/23/24,No,No,17739990,0,0,0,17739990,0,0,0,Yes,No,No,Yes,Yes,Yes,17739990,No,Yes,No,Yes,Debt Recovery
4-1404-2401/374,FULFILLED,05/02/2024,No,No,9988359.2,0,0,0,9988359.2,0,0,0,Yes,No,No,Yes,Yes,Yes,17575981.28,No,Yes,No,Yes,Debt Recovery
4-1404-2401/371,FULFILLED,05/02/2024,No,No,17112063,0,0,0,17112063,0,0,0,Yes,No,No,Yes,Yes,Yes,17112063,No,Yes,No,Yes,Debt Recovery
4-1104-2402/5 5 1,PARTIALLY FULFILLED,4/16/24,No,No,10517271.04,6100017,0,0,10517271.04,2000000,0,0,Yes,Yes,No,Yes,Yes,Yes,14862339.71,No,Yes,Yes,Yes,Debt Recovery
4-1302-2301/1061,FULFILLED,12/19/23,No,No,14800000,0,0,0,14800000,0,0,0,Yes,No,No,Yes,No,No,14800000,No,Yes,Yes,No,Debt Recovery
4-1302-2301/1066,PARTIALLY FULFILLED,12/19/23,No,No,14800000,0,0,0,10857000,0,0,0,Yes,Yes,No,Yes,Yes,No,14800000,Yes,No,Yes,Yes,Debt Recovery
4-1703-2202/66,REFUSED,22.02.2022,No,No,14789058,709875,2218359,0,0,0,0,0,Yes,Yes,No,Yes,No,Yes,14789058,Yes,Yes,Yes,Yes,Debt Recovery
4-1404-2401/375,FULFILLED,05/02/2024,No,No,10009765,0,0,0,10009765,0,0,0,Yes,No,No,Yes,Yes,Yes,14638880.96,No,Yes,No,Yes,Debt Recovery
4-1302-2402/1594,FULFILLED,07/02/2024,No,No,8881100,0,0,0,8881100,0,0,0,Yes,No,No,Yes,Yes,No,14587100,No,No,Yes,No,Debt Recovery
4-1404-2401/392,FULFILLED,05/02/2024,No,No,15740751,0,0,0,15740751,0,0,0,Yes,No,No,Yes,Yes,Yes,13986192,Yes,Yes,No,Yes,Debt Recovery
4-1302-2301/1062,FULFILLED,12/19/23,No,No,11840000,0,0,0,11840000,0,0,0,Yes,No,No,Yes,No,No,11840000,No,Yes,Yes,No,Debt Recovery
4-1302-2301/1113,REFUSED,01/12/2024,No,No,11840000,0,0,0,0,0,0,0,Yes,No,No,Yes,No,No,11840000,Yes,No,Yes,Yes,Debt Recovery
4-1807 -2401/185 5,FULFILLED,10/28/24,No,No,11788043,0,0,11788043,11788043,0,0,11788043,Yes,No,Yes,Yes,Yes,No,11788043,No,Yes,Yes,Yes,Debt Recovery
4-1404-2401/389,FULFILLED,05/02/2024,No,No,12321293,0,0,0,12321293,0,0,0,Yes,No,No,Yes,Yes,Yes,11655160,Yes,Yes,No,Yes,Debt Recovery
4-1302-2402/1593,FULFILLED,07/02/2024,No,No,7530000,0,0,0,7530000,0,0,0,Yes,No,No,Yes,Yes,No,11306250.48,No,No,Yes,No,Debt Recovery
4-1807 -2401/1907,FULFILLED,10/28/24,No,No,10529799,0,0,0,10529799,0,0,0,Yes,No,Yes,Yes,Yes,No,10529799,No,No,Yes,No,Debt Recovery
4-1404-2401/31,FULFILLED,1/26/24,No,No,9076286,0,0,0,9076286,0,0,0,Yes,No,No,Yes,Yes,Yes,9076286,No,Yes,No,Yes,Debt Recovery
4-1403-2401/52,PARTIALLY FULFILLED,2/27/24,No,No,2109331.5,1054665.75,0,0,2109331.5,500000,0,0,Yes,No,No,Yes,Yes,Yes,8880420.9,Yes,Yes,No,No,Debt Recovery
4-1302-2402/1591,FULFILLED,07/10/2024,No,No,8732000,0,0,0,8732000,0,0,0,Yes,No,No,Yes,No,No,8732000,No,Yes,Yes,No,Debt Recovery
4-1405 -2401/1944,FULFILLED,01/03/2025,No,No,8491317,0,0,0,8491317,0,0,0,Yes,No,No,Yes,No,No,8491317,No,Yes,No,Yes,Collection of debt under contract
4-1302-2402/1592,FULFILLED,07/02/2024,No,No,8361000,0,0,0,8361000,0,0,0,Yes,No,No,Yes,No,No,8361000,No,Yes,Yes,No,Debt Recovery
4-1105-2503/1198,PARTIALLY FULFILLED,03/12/2025,No,No,7315000,1024100,0,0,7315000,0,0,0,Yes,No,Yes,Yes,Yes,Yes,7315000,No,Yes,Yes,Yes,Debt Recovery
4-1503-2401/3351,FULFILLED,09/05/2024,No,No,6295038,0,0,0,6295038,0,0,0,Yes,No,No,No,Yes,No,6295038,No,No,No,Yes,Debt recovery
4-1502-2103/596,REFUSED,05/11/2021,No,No,6246559,0,0,0,0,0,0,0,Yes,No,No,Yes,Yes,No,6246559,Yes,Yes,Yes,Yes,Contractual Obligations
4-1302-2402/1186,FULFILLED,07/12/2024,No,No,5842000,0,0,0,5842000,0,0,0,No,No,No,Yes,Yes,No,5842000,No,No,Yes,Yes,Debt Recovery
4-1405 -2401/1946,FULFILLED,01/06/2025,No,No,4900000,0,0,0,4900000,0,0,0,Yes,No,No,Yes,No,No,4900000,No,Yes,No,Yes,Collection of debt under contract
4-1302-2301/1082,REFUSED,1/31/24,No,No,4236000,0,0,0,0,0,0,0,Yes,No,No,No,No,No,4236000,No,No,Yes,Yes,Debt Recovery
4-1402-2302/580,REFUSED,3/24/23,No,No,1273506,1157700,0,0,0,0,0,0,No,Yes,No,Yes,No,Yes,3859000,No,Yes,No,Yes,Debt Recovery
4-1102-1901/1483,REFUSED,10/10/2019,No,No,0,7200000,0,0,0,0,0,0,No,No,No,Yes,No,Yes,2400000,Yes,Yes,No,No,Contract Penalty Dispute
4-1302-2301/1081,REFUSED,1/31/24,No,No,1162912,0,0,0,0,0,0,0,Yes,No,No,No,No,No,1162912,No,No,Yes,Yes,Debt Recovery
4-1404-2301/688,REFUSED,5/15/23,No,No,262350,0,0,0,0,0,0,0,No,Yes,No,Yes,No,No,754800,No,Yes,Yes,Yes,Debt Recovery
4-1704-2201/3088,REFUSED,01/09/2023,No,No,7530211,0,0,0,0,0,0,0,Yes,No,No,Yes,No,No,383000,Yes,Yes,Yes,Yes,Debt Recovery
4-1805-2401/960,REFUSED,5/13/24,No,No,0,0,0,0,0,0,0,0,Yes,No,No,Yes,No,No,106492,No,Yes,No,No,Contract Cancellation
4-1104-2402/1444 ,REFUSED,08/01/2024,No,No,40399566,27472120,0,0,0,0,0,0,Yes,Yes,No,Yes,Yes,No,83880,Yes,Yes,No,Yes,Debt recovery
4-2001-1903/2454,REFUSED,01/04/2020,No,No,0,15840000,0,0,0,0,0,0,Yes,Yes,No,Yes,No,Yes,66149,No,No,No,Yes,Debt Recovery
4-1703-2302/1080,REFUSED,19.04.2023,No,No,0,0,0,0,0,0,0,0,Yes,Yes,No,Yes,No,No,47900,No,Yes,No,Yes,Contract Validity
4-1502-2103/924 ,REFUSED,24.06.2021,No,No,0,0,0,0,0,0,0,0,Yes,Yes,No,Yes,No,No,30130,No,No,No,No,Contract Dispute
4-1201-2402/1558,REFUSED,07/08/2024,No,No,75694862,0,0,0,0,0,0,0,Yes,No,No,Yes,Yes,No,5300,No,No,Yes,Yes,Custom Duties Recovery
4-1706-2401/176,REFUSED,6/20/24,No,No,80380679,40190339.5,0,0,0,0,0,0,Yes,Yes,No,Yes,Yes,No,2608,No,Yes,No,Yes,Debt Recovery
4-2202-2402/283,REFUSED,03/05/2024,No,No,462144972,0,0,0,0,0,0,0,Yes,Yes,No,Yes,No,No,233,No,Yes,Yes,Yes,Debt Recovery
4-1503-1801/432,REFUSED,Not Specified,No,No,0,1683000,0,0,0,0,0,0,Yes,Yes,No,Yes,No,Yes,95.4,Yes,No,No,Yes,Breach of Contract
4-1001-1803/15817,FULFILLED,6/26/18,No,No,0,0,0,0,0,0,0,0,Yes,Yes,No,Yes,No,No,0,No,No,No,Yes,Not Specified
4-1001-1915/29930,FULFILLED,12/26/19,No,No,4265520,750731,0,0,4265520,750731,0,0,Yes,No,No,Yes,No,Yes,0,Yes,Yes,Yes,Yes,Not Specified
4-1001-1915/29931,FULFILLED,12/26/19,No,No,3868800,1005888,0,0,3868800,1005888,0,0,Yes,No,No,Yes,No,Yes,0,Yes,Yes,Yes,Yes,Not Specified
4-1001-2215 /5 669,PARTIALLY FULFILLED,4/27/22,No,No,82671557,37463664,0,0,16595482.87,0,0,0,Yes,Yes,No,Yes,No,No,0,Yes,No,No,Yes,Debt Recovery
4-1001-2215/5669,REFUSED,4/27/22,No,No,82671557,37463664,0,0,16595482.87,0,0,0,Yes,Yes,No,Yes,No,No,0,Yes,No,No,Yes,Debt Recovery
4-1001-2302/2566,FULFILLED,12/20/23,No,No,50312919.8,0,0,0,50312919.8,0,0,0,Yes,No,No,Yes,Yes,No,0,No,No,No,Yes,Debt Recovery
4-1001-2326/65178,PARTIALLY FULFILLED,03/12/2024,No,No,69271734341,40304229.12,0,0,76071416710,40304229.12,0,0,Yes,Yes,No,Yes,Yes,Yes,0,Yes,Yes,No,No,Debt Recovery
4-1001-2408/39857 ,REFUSED,8/15/24,No,No,162500000,0,0,0,0,0,0,0,Yes,Yes,No,Yes,No,No,0,Yes,Yes,Yes,Yes,Breach of contract
4-1102-1901/1481,REFUSED,9/19/19,No,No,0,6804000,0,0,0,0,0,0,Yes,No,No,Yes,Yes,No,0,No,No,No,No,Breach of Contract
4-1102-1901/1482,REFUSED,10/08/2019,No,No,0,7200000,0,0,0,0,0,0,No,Yes,No,Yes,No,Yes,0,No,No,No,Yes,Contract Penalty Dispute
4-1103-2302/2566,FULFILLED,12/20/23,No,No,50312919.8,0,0,0,50312919.8,0,0,0,Yes,No,No,Yes,No,No,0,No,Yes,No,Yes,Not Specified
4-1103-2302/784,REFUSED,04/10/2023,No,No,0,314746400,0,0,0,0,0,0,Yes,Yes,No,Yes,No,Yes,0,No,No,No,Yes,Contract Penalty Dispute
4-1104-2301/1727,REFUSED,7/17/23,No,No,63846431,14365447,0,0,0,0,0,0,Yes,Yes,No,No,No,No,0,No,No,No,No,Debt Recovery
4-1104-2401/11,PARTIALLY FULFILLED,1/29/24,No,No,37593516,18796758,0,0,37593516,5500000,34000,0,Yes,Yes,No,Yes,Yes,No,0,No,Yes,No,No,Debt Recovery
4-1104-2401/18,PARTIALLY FULFILLED,1/29/24,No,No,101273717,50636858,0,0,82106659.66,11600000,34000,0,Yes,Yes,No,Yes,Yes,No,0,No,Yes,No,No,Debt Recovery
4-1104-2401/295 ,REFUSED,3/26/24,No,No,9471633,185612,0,0,0,0,0,0,Yes,Yes,No,Yes,Yes,No,0,Yes,Yes,No,Yes,Debt recovery
4-1104-2401/318,PARTIALLY FULFILLED,3/26/24,No,No,177154585,3472189,0,0,168494584.4,2000000,34000,0,Yes,Yes,No,Yes,Yes,No,0,No,Yes,No,No,Debt Recovery
4-1104-2401/368,PARTIALLY FULFILLED,03/12/2024,No,No,60239318,30119659,0,0,60239318,3500000,34000,0,Yes,Yes,No,No,No,No,0,No,No,No,No,Debt Recovery
4-1104-2401/5 5 0,PARTIALLY FULFILLED,4/18/24,No,No,10254044.91,5127022.45,0,0,10254044.91,600000,34000,0,Yes,Yes,No,Yes,Yes,No,0,No,Yes,No,No,Debt Recovery
4-1104-2401/5 5 5,PARTIALLY FULFILLED,4/18/24,No,No,4865716.36,2822115.5,0,0,4865716.36,700000,34000,0,Yes,Yes,No,Yes,Yes,No,0,No,No,No,No,Debt Recovery
4-1104-2401/6,PARTIALLY FULFILLED,1/29/24,No,No,211036071,105518035,0,0,211036071,30000000,34000,0,Yes,Yes,No,Yes,Yes,No,0,No,Yes,No,No,Debt Recovery
4-1104-2401/94,PARTIALLY FULFILLED,2/20/24,No,No,158022800,79011400,0,0,158022800,9000000,34000,0,Yes,Yes,No,Yes,Yes,No,0,No,Yes,No,No,Debt Recovery
4-1106-1902/551,REFUSED,Not Specified,No,No,12102317.99,0,0,0,0,0,0,0,No,Yes,No,No,No,No,0,No,No,No,No,Debt Recovery
4-1106-2301/1026,REFUSED,11/29/23,No,No,0,87916608,0,0,0,0,0,0,Yes,No,No,Yes,No,Yes,0,No,Yes,No,No,Debt Recovery
4-1106-2301/1068 ,REFUSED,12/05/2023,No,No,0,89119399,0,0,0,0,0,0,Yes,Yes,No,No,No,No,0,No,No,No,No,Debt recovery
4-1201-2402/1526,REFUSED,6/27/24,No,No,0,0,0,0,0,0,0,0,Yes,Yes,No,No,No,No,0,No,No,No,Yes,Corporate Dispute
4-1201-2402/243,REFUSED,3/26/24,No,No,91000000,37800000,0,0,0,0,0,0,Yes,Yes,No,Yes,No,No,0,No,Yes,No,No,Debt recovery
4-1202-2301/1336,REFUSED,04/09/2024,No,No,1353346193,235282237.6,0,0,1353346193,70000000,0,0,Yes,Yes,No,No,No,Yes,0,Yes,Yes,Yes,Yes,Debt Recovery
4-1305-2101/555,REFUSED,08/05/2021,No,No,10712676,1606901,0,0,0,0,0,0,Yes,Yes,No,Yes,Yes,No,0,No,No,No,No,Debt Recovery
4-1305-2101/569,REFUSED,08/05/2021,No,No,6542593,981389,0,0,0,0,0,0,Yes,Yes,No,Yes,Yes,No,0,No,No,No,No,Debt Recovery
4-1305-2101/638,REFUSED,24.08.2021,No,No,22020158,3303024,0,0,0,0,0,0,Yes,No,No,Yes,Yes,No,0,No,No,No,No,Debt Recovery
4-1402-2301/1546,REFUSED,10/20/23,No,No,0,0,0,81612862,0,0,0,0,Yes,Yes,No,Yes,No,Yes,0,Yes,Yes,Yes,Yes,Debt Recovery
4-1402-2302/1731,REFUSED,12/12/2023,No,No,0,0,0,0,0,0,0,0,Yes,No,No,Yes,No,No,0,No,Yes,No,Yes,Contractual Dispute
4-1402-2302/1783,REFUSED,12/15/23,No,No,34422034,17211017.11,0,0,0,0,0,0,Yes,No,No,Yes,No,Yes,0,Yes,Yes,Yes,Yes,Debt Recovery
4-1402-2302/510,REFUSED,1/30/24,No,No,0,2577157813,0,0,0,0,0,0,Yes,Yes,No,Yes,No,Yes,0,No,Yes,Yes,Yes,Breach of Contract
4-1402-2401/389,REFUSED,04/08/2024,No,No,18783973,0,0,0,0,0,0,0,Yes,Yes,No,Yes,No,Yes,0,Yes,Yes,No,Yes,Debt Recovery
4-1402-2401/776,REFUSED,06/03/2024,No,No,0,0,0,0,0,0,0,0,Yes,No,No,Yes,No,No,0,No,No,No,No,Contract Dispute
4-1402-2402/366,FULFILLED,3/26/24,No,No,83070967,0,0,0,83070967,0,0,0,No,Yes,No,Yes,No,Yes,0,No,Yes,No,Yes,Coefficient Payment Claim
4-1402-2501/424,REFUSED,2/13/25,No,No,167212495,83606247,33442499,0,0,0,0,0,Yes,Yes,No,Yes,No,Yes,0,No,Yes,No,Yes,Debt Recovery
4-1404-2201/283,REFUSED,4/21/22,No,No,30445441,0,0,0,0,0,0,0,Yes,Yes,No,Yes,No,No,0,Yes,Yes,Yes,Yes,Debt Recovery
4-1405-2201/1973,REFUSED,Not Specified,No,No,16655727,0,0,0,0,0,0,0,Yes,No,No,Yes,No,No,0,Yes,Yes,Yes,Yes,Debt Recovery
4-1405-2201/1978,REFUSED,Not Specified,No,No,7308000.62,0,0,0,0,0,0,0,Yes,No,No,Yes,No,No,0,Yes,Yes,Yes,Yes,Debt Recovery
4-1405-2201/1983,REFUSED,1/23/25,No,No,8544837.67,0,0,0,8544837.67,0,0,0,Yes,No,No,Yes,No,No,0,Yes,Yes,No,Yes,Contract Dispute
4-1405-2201/1987,REFUSED,1/23/25,No,No,15966791,0,0,0,0,0,0,0,Yes,No,No,Yes,No,No,0,Yes,Yes,No,Yes,Contract Dispute
4-1405-2401/355,FULFILLED,05/06/2024,No,No,11224127,0,0,0,11224127,0,0,0,Yes,No,No,Yes,No,Yes,0,No,Yes,Yes,Yes,Penalty for Non-Performance
4-1405-2402/332,PARTIALLY FULFILLED,04/08/2024,No,No,11158337,0,20527462,0,11158337,0,10000000,0,Yes,No,No,Yes,No,Yes,0,No,Yes,No,Yes,Breach of Contract
4-1405-2402/342,PARTIALLY FULFILLED,04/08/2024,No,No,4405980,0,5083812,0,4405980,0,2500000,0,Yes,No,No,Yes,No,Yes,0,No,Yes,No,Yes,Breach of Contract
4-1405-2402/344,PARTIALLY FULFILLED,04/08/2024,No,No,3035521,0,10320318,0,3035521,0,5000000,0,Yes,No,No,Yes,No,Yes,0,No,Yes,No,Yes,Breach of Contract
4-1405-2402/361,PARTIALLY FULFILLED,04/08/2024,No,No,0,0,8206357,0,0,0,4500000,0,Yes,No,No,Yes,No,Yes,0,No,Yes,No,Yes,Penalty for Breach of Contract
4-1405-2402/430,PARTIALLY FULFILLED,04/08/2024,No,No,41402969,0,25131636,0,41402969,0,10000000,0,Yes,No,No,Yes,No,Yes,0,No,Yes,No,Yes,Breach of Contract
4-1406-2401/790,PARTIALLY FULFILLED,5/14/24,No,No,13626775.4,6813388,0,0,13626775.4,2000000,0,0,Yes,No,No,Yes,No,Yes,0,No,Yes,Yes,Yes,Payment for Delivered Goods and Penalty
4-1407-2401/306,FULFILLED,06/06/2024,No,No,278229651,0,0,0,278229651,0,0,0,Yes,No,No,Yes,Yes,No,0,No,Yes,Yes,Yes,Non-fulfillment of government incentive payment
4-15 01-2104/5 85,PARTIALLY FULFILLED,04/02/2021,No,No,307847561.6,61569512,0,0,252831473.6,50000000,0,0,Yes,Yes,No,Yes,No,Yes,0,Yes,Yes,No,Yes,Breach of Contract
4-15 01-2104/7 17,PARTIALLY FULFILLED,04/02/2021,No,No,292334859,58466972,58466972,0,154116369.8,29233486,0,0,Yes,Yes,No,Yes,No,Yes,0,Yes,Yes,No,Yes,Breach of Contract
4-15 01-2104/762,PARTIALLY FULFILLED,04/02/2021,No,No,121121000,29553524,24224200,0,104649769,14776762,0,0,Yes,Yes,No,Yes,No,Yes,0,Yes,Yes,No,Yes,Breach of Contract
4-15 01-2104/763,PARTIALLY FULFILLED,04/02/2021,No,No,179197000,43724068,35839400,0,178593754,21862034,0,0,Yes,Yes,No,Yes,No,Yes,0,Yes,Yes,No,Yes,Breach of Contract
4-15 01-2104/764,PARTIALLY FULFILLED,04/02/2021,No,No,176252000,43005488,35250400,0,175294654,21502744,0,0,Yes,Yes,No,Yes,No,Yes,0,Yes,Yes,No,Yes,Breach of Contract
4-15 01-2104/765,PARTIALLY FULFILLED,04/02/2021,No,No,162905000,39748820,32581000,0,159282201,19874410,0,0,Yes,Yes,No,Yes,No,Yes,0,Yes,Yes,No,Yes,Breach of Contract
4-15 01-2104/766,PARTIALLY FULFILLED,04/02/2021,No,No,203365000,49621060,40673000,0,202440922,24810500,0,0,Yes,Yes,No,Yes,No,Yes,0,Yes,Yes,No,Yes,Breach of Contract
4-15 01-2104/767,PARTIALLY FULFILLED,04/02/2021,No,No,59061000,14410844,11812200,0,55457242,7205442,0,0,Yes,Yes,No,Yes,No,Yes,0,Yes,Yes,No,Yes,Breach of Contract
4-1501-2102/852,REFUSED,16.03.2021,No,No,38374475,32280073,0,0,0,0,0,0,Yes,No,No,Yes,No,No,0,No,No,No,No,Breach of Contract
4-1501-2102/963,REFUSED,4/14/21,No,No,0,32799109.58,0,0,0,0,0,0,Yes,Yes,No,Yes,Yes,Yes,0,No,Yes,Yes,Yes,Contractual Obligations
4-1502-2401/___,FULFILLED,4/17/24,No,No,0,0,0,0,0,0,0,0,Yes,Yes,No,Yes,No,No,0,No,Yes,Yes,Yes,Recognition of contracts as invalid (fraud/misrepresentation)
4-1503-1801/127,REFUSED,Not Specified,No,No,219360,1350000,0,0,0,0,0,0,Yes,No,No,Yes,No,No,0,Yes,No,No,Yes,Breach of Contract
4-1503-2101/448,REFUSED,21.06.2021,No,No,7414453,0,0,0,0,0,0,0,Yes,Yes,No,Yes,No,No,0,No,No,No,Yes,Debt Recovery
4-1503-2401/3329,REFUSED,09/05/2024,No,No,17000000,0,0,0,0,0,0,0,Yes,No,No,Yes,No,No,0,No,No,No,No,Breach of Contract
4-1505-1901/1498,REFUSED,12.09.2019,No,No,10479600,2095920,3143880,0,0,0,0,0,Yes,Yes,No,Yes,No,No,0,Yes,No,No,Yes,Debt Recovery
4-1505-2003/508,REFUSED,19.08.2020,No,No,0,0,6137275.81,0,0,0,0,0,Yes,No,No,Yes,No,No,0,No,No,No,Yes,Penalty Recovery
4-1505-2201/185,REFUSED,16.03.2022,No,No,28832826,7208207,0,0,0,0,0,0,Yes,Yes,No,Yes,No,No,0,No,No,No,No,Debt Recovery
4-1703-2102/52,REFUSED,09.02.2021,No,No,1398163,419449,0,0,0,0,0,0,Yes,Yes,No,Yes,Yes,No,0,No,No,Yes,Yes,Debt Recovery
4-1704-2201/1531,REFUSED,28.11.2022,No,No,0,0,35676300,0,0,0,0,0,Yes,Yes,No,Yes,No,Yes,0,No,No,No,No,Penalty
4-1704-2201/1531,REFUSED,28.11.2022,No,No,7029687,1546531,0,0,0,0,0,0,Yes,Yes,No,Yes,No,No,0,Yes,Yes,No,No,Debt Recovery
4-1704-2201/396,REFUSED,20.05.2022,No,No,0,0,35676300,0,0,0,0,0,Yes,Yes,No,Yes,No,Yes,0,No,No,No,No,Penalty
4-1704-2201/402,REFUSED,20.05.2022,No,No,0,148206500,0,0,0,0,0,0,Yes,Yes,No,Yes,No,No,0,No,No,No,No,Debt Recovery
4-1704-2201/405,REFUSED,26.05.2022,No,No,0,0,36840700,0,0,0,0,0,Yes,Yes,No,Yes,No,Yes,0,Yes,No,No,Yes,Penalty
4-1704-2301/1423,REFUSED,10.04.2023,No,No,260287873,61427938,39043180,0,0,0,0,0,Yes,No,No,Yes,No,No,0,No,Yes,No,Yes,Debt Recovery
4-2001-2402/145,FULFILLED,2/23/24,No,No,106687554.1,0,0,0,106687554.1,0,0,0,Yes,No,No,Yes,No,No,0,No,Yes,No,Yes,Debt Recovery
4-2001-2402/146,FULFILLED,2/23/24,No,No,57831255,0,0,0,57831255,0,0,0,Yes,No,No,Yes,No,No,0,No,Yes,No,Yes,Debt Recovery
4-2202-2401/440,REFUSED,3/19/24,No,No,142019924,0,0,0,0,0,0,0,Yes,Yes,No,Yes,Yes,No,0,No,Yes,Yes,Yes,Debt Recovery
4-2202-2402/584,PARTIALLY FULFILLED,4/19/24,No,No,685524032,0,0,0,0,0,30000000,0,Yes,Yes,No,Yes,Yes,Yes,0,No,Yes,Yes,Yes,Contract Dispute
4-2502-2402/287,REFUSED,03/05/2024,No,No,226044690,0,0,0,0,0,0,0,Yes,Yes,No,Yes,Yes,No,0,No,Yes,Yes,Yes,Debt Recovery